network,bus_id
case118,1
case118,2
case118,4
case118,6
case118,8
case118,10
case118,12
case118,13
case118,15
case118,16
case118,19
case118,20
case118,21
case118,22
case118,27
case118,28
case118,29
case118,32
case118,34
case118,36
case118,37
case118,38
case118,40
case118,42
case118,43
case118,44
case118,46
case118,47
case118,49
case118,50
case118,51
case118,52
case118,56
case118,57
case118,59
case118,62
case118,63
case118,66
case118,67
case118,70
case118,74
case118,77
case118,78
case118,80
case118,81
case118,82
case118,83
case118,85
case118,87
case118,92
case118,93
case118,94
case118,95
case118,96
case118,97
case118,100
case118,101
case118,105
case118,107
case118,108
case118,113
case118,114
case118,116
case118,117
case14,3
case14,4
case14,6
case14,8
case14,9
case14,10
case14,11
case14,12
case14,13
case39,0
case39,1
case39,2
case39,3
case39,4
case39,5
case39,6
case39,7
case39,8
case39,9
case39,10
case39,11
case39,12
case39,13
case39,14
case39,15
case39,16
case39,17
case39,18
case39,19
case39,20
case39,21
case39,22
case39,23
case39,24
case39,25
case39,26
case39,27
case39,28
case57,3
case57,4
case57,6
case57,9
case57,10
case57,12
case57,13
case57,14
case57,15
case57,16
case57,17
case57,18
case57,19
case57,20
case57,21
case57,22
case57,23
case57,24
case57,25
case57,26
case57,27
case57,28
case57,29
case57,30
case57,31
case57,32
case57,33
case57,34
case57,35
case57,36
case57,37
case57,38
case57,39
case57,40
case57,41
case57,42
case57,43
case57,44
case57,45
case57,46
case57,47
case57,48
case57,49
case57,50
case57,51
case57,52
case57,53
case57,54
case57,55
case57,56
cigre_lv,2
cigre_lv,3
cigre_lv,4
cigre_lv,5
cigre_lv,6
cigre_lv,7
cigre_lv,8
cigre_lv,9
cigre_lv,10
cigre_lv,11
cigre_lv,12
cigre_lv,13
cigre_lv,14
cigre_lv,15
cigre_lv,16
cigre_lv,17
cigre_lv,18
cigre_lv,19
cigre_lv,21
cigre_lv,22
cigre_lv,24
cigre_lv,25
cigre_lv,26
cigre_lv,27
cigre_lv,28
cigre_lv,29
cigre_lv,30
cigre_lv,31
cigre_lv,32
cigre_lv,33
cigre_lv,34
cigre_lv,35
cigre_lv,36
cigre_lv,37
cigre_lv,38
cigre_lv,39
cigre_lv,40
cigre_lv,41
cigre_lv,42
cigre_lv,43
